{"initial_reset_timestamp": 1625861293.1451092, "timestamps": [1625861338.57552], "episode_lengths": [348], "episode_rewards": [341.449999999999], "episode_types": ["t"]}